date,weekday,server_hours,car_hours,other_hours,evidenced_window_utc,evidenced_span_h,evidence (other projects only)
2026-08-01,Sat,,,,,,no activity recorded
2026-08-02,Sun,,,,,,no activity recorded
2026-08-03,Mon,,,,,,no activity recorded
2026-08-04,Tue,,,,,,no activity recorded
2026-08-05,Wed,,,,,,no activity recorded
2026-08-06,Thu,,,,,,no activity recorded
2026-08-07,Fri,,,,12:41,,push: virtual-scene-builder 12:41
2026-08-08,Sat,,,,,,no activity recorded
2026-08-09,Sun,,,,,,no activity recorded
2026-08-10,Mon,,,,,,no activity recorded
2026-08-11,Tue,,,,16:24,,session opened: 'Landing page image replacement' (Fitlife) 16:24
2026-08-12,Wed,,,,,,no activity recorded
2026-08-13,Thu,,,,,,no activity recorded
2026-08-14,Fri,,,,,,no activity recorded
2026-08-15,Sat,,,,,,no activity recorded
2026-08-16,Sun,,,,,,no activity recorded
2026-08-17,Mon,,,,13:49,,session last active: 'Landing page image replacement' 13:49
2026-08-18,Tue,,,,,,no activity recorded
2026-08-19,Wed,,,,21:49-22:21,0.5,session 'Form connection solution' 21:49-22:21; artifact 'Soul & Body Form Setup' 22:21
2026-08-20,Thu,,,,17:42,,push: rindis-website 17:42
2026-08-21,Fri,,,,15:24-21:38,6.2,"sessions: Arabic webinar registration 15:24-20:58, Arabic RTL thank-you 19:29-21:38, Hero text sizing opened 20:36; artifact 18:31"
2026-08-22,Sat,,,,,,no activity recorded
2026-08-23,Sun,,,,14:34-15:55,1.4,"sessions: brand image prompts 14:34-15:55, webinar bg opened 14:45, hero sizing last active 14:44; push: mewseum-site 15:19"
2026-08-24,Mon,,,,17:44-20:21,2.6,push: attica 17:44; sessions opened 18:20 / 18:50 / 20:21; webinar bg last active 19:12
2026-08-25,Tue,,,,11:20-16:26,5.1,"sessions: coach page edits 13:45-16:24, domain notice 13:33-14:40; two sessions last active 11:20 / 13:30 / 16:26"
2026-08-26,Wed,,,,13:09-19:25,6.3,"sessions: gold color 13:09-19:25, card 5 content 13:11-13:27, coach section 13:12-14:03; push: soul-and-body-landing 16:13"
2026-08-27,Thu,,,,11:04-13:57,2.9,push: signaturev1 11:04; push: inclusive-fit-website 13:57
2026-08-28,Fri,,,,13:16-13:21,0.1,session opened: payments legal requirements 13:16; artifact 'Turning Payments Back On' 13:21
2026-08-29,Sat,,,,,,no activity recorded
2026-08-30,Sun,,,,18:19-23:16,5.0,session last active: payments legal 18:19; artifact 'The Quarter Plan' 23:16
2026-08-31,Mon,,,,18:14-18:19,0.1,artifact 'مراجعة الكوتش سارة' 18:14; push: Fitlife 18:19
